http://www.chinese-tools.com/tools/mouse.html,r,r,r,r,r
http://zattoo.com/watch/deluxe-music,,,,,
http://zattoo.com/browse,,,,,
http://zattoo.com/browse,,,,,
http://www.youtube.com/,,,,,
http://www.w3schools.com/xpath/,,,,,
http://www.kitchen.philips.com/,,,,,
http://go.microsoft.com/fwlink/?LinkId=68927,,,,,
http://go.microsoft.com/fwlink/?LinkId=68925,,,,,
http://go.microsoft.com/fwlink/?LinkId=70742,,,,,
http://it.wikibooks.org/wiki/Wikibooks:Fonti_librarie,,,,,
http://www.whatsim.com/en,,,,,
http://viaggi.repubblica.it/weekend/italia/sardegna,,,,,
http://go.microsoft.com/fwlink/?LinkId=121315,,,,,
http://www.hackhowtofaq.com/blog/web-scraping-with-scrapy/,,,,,
http://www.goldenfrog.com/vyprvpn/features/performance,,,,,
https://www.boxpn.com/vpn-server-network.aspx,,,,,
http://www.italiansubs.net/forum/hardware-software/vpn-con-ip-italiano/,,,,,
https://maps.google.com/,,,,,
http://www.tripadvisor.com/Hotels-g194949-Villasimius_Province_of_Cagliari_Sardinia-Hotels.html,,,,,
http://www.rai.tv/dl/RaiTV/programmi/media/ContentItem-c65cb4f0-2a36-403b-bec7-71e1444e1b1f.html,,,,,
http://www.rai.tv/dl/RaiTV/programmi/media/ContentItem-e198edb3-f40e-4e5c-b9d2-42608a90d94e.html#p=,,,,,
https://www.airbnb.com/?af=1922719&c=A_TC%3Dm84nccm9s3%26G_MT%3De%26G_CR%3D22111491256%26G_N%3Dg%26G_K%3Dairbnb%26G_P%3D&gclid=CJ2rt-OJ0rwCFYVZ7AodiHoAxw,,,,,
http://qnundrum.com/answer.php?q=353935,,,,,
http://go.microsoft.com/fwlink/?LinkId=129791,,,,,
